DATE,TB3MS,returns
1934-01-01,0.72,
1934-02-01,0.62,-0.13888888888888884
1934-03-01,0.24,-0.6129032258064516
1934-04-01,0.15,-0.375
1934-05-01,0.16,0.06666666666666665
1934-06-01,0.15,-0.0625
1934-07-01,0.15,0.0
1934-08-01,0.19,0.26666666666666683
1934-09-01,0.21,0.10526315789473673
1934-10-01,0.27,0.2857142857142858
1934-11-01,0.25,-0.07407407407407418
1934-12-01,0.23,-0.07999999999999996
1935-01-01,0.2,-0.13043478260869568
1935-02-01,0.19,-0.050000000000000044
1935-03-01,0.15,-0.21052631578947367
1935-04-01,0.15,0.0
1935-05-01,0.15,0.0
1935-06-01,0.15,0.0
1935-07-01,0.15,0.0
1935-08-01,0.16,0.06666666666666665
1935-09-01,0.2,0.25
1935-10-01,0.2,0.0
1935-11-01,0.16,-0.20000000000000007
1935-12-01,0.15,-0.0625
1936-01-01,0.2,0.3333333333333335
1936-02-01,0.2,0.0
1936-03-01,0.2,0.0
1936-04-01,0.2,0.0
1936-05-01,0.2,0.0
1936-06-01,0.2,0.0
1936-07-01,0.15,-0.2500000000000001
1936-08-01,0.2,0.3333333333333335
1936-09-01,0.16,-0.20000000000000007
1936-10-01,0.13,-0.1875
1936-11-01,0.11,-0.15384615384615385
1936-12-01,0.12,0.09090909090909083
1937-01-01,0.17,0.41666666666666674
1937-02-01,0.15,-0.11764705882352955
1937-03-01,0.38,1.5333333333333337
1937-04-01,0.56,0.47368421052631593
1937-05-01,0.41,-0.267857142857143
1937-06-01,0.36,-0.12195121951219512
1937-07-01,0.28,-0.2222222222222221
1937-08-01,0.29,0.03571428571428559
1937-09-01,0.31,0.06896551724137945
1937-10-01,0.2,-0.35483870967741926
1937-11-01,0.09,-0.55
1937-12-01,0.11,0.22222222222222232
1938-01-01,0.1,-0.09090909090909083
1938-02-01,0.08,-0.20000000000000007
1938-03-01,0.08,0.0
1938-04-01,0.09,0.125
1938-05-01,0.05,-0.4444444444444444
1938-06-01,0.05,0.0
1938-07-01,0.07,0.40000000000000013
1938-08-01,0.06,-0.14285714285714302
1938-09-01,0.08,0.3333333333333335
1938-10-01,0.05,-0.375
1938-11-01,0.04,-0.20000000000000007
1938-12-01,0.03,-0.25
1939-01-01,0.03,0.0
1939-02-01,0.03,0.0
1939-03-01,0.03,0.0
1939-04-01,0.03,0.0
1939-05-01,0.03,0.0
1939-06-01,0.03,0.0
1939-07-01,0.04,0.3333333333333335
1939-08-01,0.05,0.25
1939-09-01,0.14,1.8000000000000003
1939-10-01,0.05,-0.6428571428571428
1939-11-01,0.05,0.0
1939-12-01,0.04,-0.20000000000000007
1940-01-01,0.01,-0.75
1940-02-01,0.02,1.0
1940-03-01,0.02,0.0
1940-04-01,0.02,0.0
1940-05-01,0.06,2.0
1940-06-01,0.1,0.6666666666666667
1940-07-01,0.05,-0.5
1940-08-01,0.04,-0.20000000000000007
1940-09-01,0.05,0.25
1940-10-01,0.02,-0.6000000000000001
1940-11-01,0.02,0.0
1940-12-01,0.02,0.0
1941-01-01,0.02,0.0
1941-02-01,0.04,1.0
1941-03-01,0.11,1.75
1941-04-01,0.1,-0.09090909090909083
1941-05-01,0.11,0.09999999999999987
1941-06-01,0.12,0.09090909090909083
1941-07-01,0.12,0.0
1941-08-01,0.13,0.08333333333333348
1941-09-01,0.1,-0.23076923076923073
1941-10-01,0.09,-0.10000000000000009
1941-11-01,0.28,2.1111111111111116
1941-12-01,0.33,0.1785714285714286
1942-01-01,0.27,-0.18181818181818177
1942-02-01,0.25,-0.07407407407407418
1942-03-01,0.25,0.0
1942-04-01,0.32,0.28
1942-05-01,0.37,0.15625
1942-06-01,0.37,0.0
1942-07-01,0.38,0.027027027027026973
1942-08-01,0.38,0.0
1942-09-01,0.38,0.0
1942-10-01,0.38,0.0
1942-11-01,0.38,0.0
1942-12-01,0.38,0.0
1943-01-01,0.38,0.0
1943-02-01,0.38,0.0
1943-03-01,0.38,0.0
1943-04-01,0.38,0.0
1943-05-01,0.38,0.0
1943-06-01,0.38,0.0
1943-07-01,0.38,0.0
1943-08-01,0.38,0.0
1943-09-01,0.38,0.0
1943-10-01,0.38,0.0
1943-11-01,0.38,0.0
1943-12-01,0.38,0.0
1944-01-01,0.38,0.0
1944-02-01,0.38,0.0
1944-03-01,0.38,0.0
1944-04-01,0.38,0.0
1944-05-01,0.38,0.0
1944-06-01,0.38,0.0
1944-07-01,0.38,0.0
1944-08-01,0.38,0.0
1944-09-01,0.38,0.0
1944-10-01,0.38,0.0
1944-11-01,0.38,0.0
1944-12-01,0.38,0.0
1945-01-01,0.38,0.0
1945-02-01,0.38,0.0
1945-03-01,0.38,0.0
1945-04-01,0.38,0.0
1945-05-01,0.38,0.0
1945-06-01,0.38,0.0
1945-07-01,0.38,0.0
1945-08-01,0.38,0.0
1945-09-01,0.38,0.0
1945-10-01,0.38,0.0
1945-11-01,0.38,0.0
1945-12-01,0.38,0.0
1946-01-01,0.38,0.0
1946-02-01,0.38,0.0
1946-03-01,0.38,0.0
1946-04-01,0.38,0.0
1946-05-01,0.38,0.0
1946-06-01,0.38,0.0
1946-07-01,0.38,0.0
1946-08-01,0.38,0.0
1946-09-01,0.38,0.0
1946-10-01,0.38,0.0
1946-11-01,0.38,0.0
1946-12-01,0.38,0.0
1947-01-01,0.38,0.0
1947-02-01,0.38,0.0
1947-03-01,0.38,0.0
1947-04-01,0.38,0.0
1947-05-01,0.38,0.0
1947-06-01,0.38,0.0
1947-07-01,0.66,0.736842105263158
1947-08-01,0.75,0.13636363636363624
1947-09-01,0.8,0.06666666666666665
1947-10-01,0.85,0.0625
1947-11-01,0.92,0.08235294117647074
1947-12-01,0.95,0.032608695652173836
1948-01-01,0.97,0.021052631578947434
1948-02-01,1.0,0.030927835051546504
1948-03-01,1.0,0.0
1948-04-01,1.0,0.0
1948-05-01,1.0,0.0
1948-06-01,1.0,0.0
1948-07-01,1.0,0.0
1948-08-01,1.06,0.06000000000000005
1948-09-01,1.09,0.028301886792452935
1948-10-01,1.12,0.02752293577981657
1948-11-01,1.14,0.01785714285714257
1948-12-01,1.16,0.01754385964912286
1949-01-01,1.17,0.008620689655172376
1949-02-01,1.17,0.0
1949-03-01,1.17,0.0
1949-04-01,1.17,0.0
1949-05-01,1.17,0.0
1949-06-01,1.17,0.0
1949-07-01,1.02,-0.12820512820512808
1949-08-01,1.04,0.019607843137254832
1949-09-01,1.07,0.028846153846153966
1949-10-01,1.05,-0.01869158878504673
1949-11-01,1.08,0.028571428571428692
1949-12-01,1.1,0.0185185185185186
1950-01-01,1.07,-0.027272727272727337
1950-02-01,1.12,0.04672897196261694
1950-03-01,1.12,0.0
1950-04-01,1.15,0.02678571428571419
1950-05-01,1.16,0.008695652173912993
1950-06-01,1.15,-0.008620689655172376
1950-07-01,1.16,0.008695652173912993
1950-08-01,1.2,0.034482758620689724
1950-09-01,1.3,0.08333333333333348
1950-10-01,1.31,0.007692307692307665
1950-11-01,1.36,0.03816793893129766
1950-12-01,1.34,-0.014705882352941235
1951-01-01,1.34,0.0
1951-02-01,1.36,0.014925373134328401
1951-03-01,1.4,0.02941176470588225
1951-04-01,1.47,0.050000000000000044
1951-05-01,1.55,0.054421768707483054
1951-06-01,1.45,-0.06451612903225812
1951-07-01,1.56,0.07586206896551739
1951-08-01,1.62,0.03846153846153855
1951-09-01,1.63,0.006172839506172645
1951-10-01,1.54,-0.05521472392638027
1951-11-01,1.56,0.012987012987013102
1951-12-01,1.73,0.10897435897435903
1952-01-01,1.57,-0.09248554913294793
1952-02-01,1.54,-0.019108280254777066
1952-03-01,1.59,0.032467532467532534
1952-04-01,1.57,-0.012578616352201255
1952-05-01,1.67,0.06369426751592355
1952-06-01,1.7,0.017964071856287456
1952-07-01,1.81,0.06470588235294117
1952-08-01,1.83,0.011049723756906049
1952-09-01,1.71,-0.06557377049180335
1952-10-01,1.74,0.01754385964912286
1952-11-01,1.85,0.06321839080459779
1952-12-01,2.09,0.12972972972972951
1953-01-01,1.96,-0.062200956937799035
1953-02-01,1.97,0.005102040816326481
1953-03-01,2.01,0.02030456852791862
1953-04-01,2.19,0.08955223880597019
1953-05-01,2.16,-0.013698630136986245
1953-06-01,2.11,-0.02314814814814825
1953-07-01,2.04,-0.033175355450236865
1953-08-01,2.04,0.0
1953-09-01,1.79,-0.12254901960784315
1953-10-01,1.38,-0.22905027932960897
1953-11-01,1.44,0.04347826086956519
1953-12-01,1.6,0.11111111111111116
1954-01-01,1.18,-0.26250000000000007
1954-02-01,0.97,-0.17796610169491522
1954-03-01,1.03,0.061855670103092786
1954-04-01,0.97,-0.058252427184466105
1954-05-01,0.76,-0.21649484536082475
1954-06-01,0.64,-0.1578947368421053
1954-07-01,0.72,0.125
1954-08-01,0.92,0.2777777777777779
1954-09-01,1.01,0.09782608695652173
1954-10-01,0.98,-0.02970297029702973
1954-11-01,0.93,-0.05102040816326525
1954-12-01,1.15,0.23655913978494603
1955-01-01,1.22,0.0608695652173914
1955-02-01,1.17,-0.040983606557377095
1955-03-01,1.28,0.09401709401709413
1955-04-01,1.59,0.2421875
1955-05-01,1.45,-0.0880503144654089
1955-06-01,1.41,-0.02758620689655178
1955-07-01,1.6,0.13475177304964547
1955-08-01,1.9,0.18749999999999978
1955-09-01,2.07,0.08947368421052637
1955-10-01,2.23,0.07729468599033829
1955-11-01,2.24,0.004484304932735439
1955-12-01,2.54,0.1339285714285714
1956-01-01,2.41,-0.051181102362204633
1956-02-01,2.32,-0.03734439834024905
1956-03-01,2.25,-0.030172413793103425
1956-04-01,2.6,0.15555555555555567
1956-05-01,2.61,0.0038461538461538325
1956-06-01,2.49,-0.045977011494252706
1956-07-01,2.31,-0.07228915662650603
1956-08-01,2.6,0.12554112554112562
1956-09-01,2.84,0.0923076923076922
1956-10-01,2.9,0.021126760563380254
1956-11-01,2.99,0.031034482758620863
1956-12-01,3.21,0.0735785953177257
1957-01-01,3.11,-0.031152647975077885
1957-02-01,3.1,-0.003215434083601254
1957-03-01,3.08,-0.006451612903225823
1957-04-01,3.07,-0.0032467532467532756
1957-05-01,3.06,-0.0032573289902279035
1957-06-01,3.29,0.07516339869281041
1957-07-01,3.16,-0.03951367781155013
1957-08-01,3.37,0.06645569620253156
1957-09-01,3.53,0.047477744807121525
1957-10-01,3.58,0.014164305949008638
1957-11-01,3.31,-0.07541899441340782
1957-12-01,3.04,-0.08157099697885195
1958-01-01,2.44,-0.19736842105263164
1958-02-01,1.53,-0.3729508196721312
1958-03-01,1.3,-0.15032679738562094
1958-04-01,1.13,-0.13076923076923086
1958-05-01,0.91,-0.19469026548672552
1958-06-01,0.83,-0.08791208791208793
1958-07-01,0.91,0.09638554216867479
1958-08-01,1.69,0.857142857142857
1958-09-01,2.44,0.44378698224852076
1958-10-01,2.63,0.07786885245901631
1958-11-01,2.67,0.015209125475285079
1958-12-01,2.77,0.03745318352059934
1959-01-01,2.82,0.018050541516245522
1959-02-01,2.7,-0.04255319148936154
1959-03-01,2.8,0.03703703703703698
1959-04-01,2.95,0.0535714285714286
1959-05-01,2.84,-0.03728813559322042
1959-06-01,3.21,0.130281690140845
1959-07-01,3.2,-0.0031152647975076775
1959-08-01,3.38,0.05624999999999991
1959-09-01,4.04,0.19526627218934922
1959-10-01,4.05,0.0024752475247524774
1959-11-01,4.15,0.024691358024691468
1959-12-01,4.49,0.08192771084337336
1960-01-01,4.35,-0.03118040089086871
1960-02-01,3.96,-0.08965517241379306
1960-03-01,3.31,-0.16414141414141414
1960-04-01,3.23,-0.024169184290030232
1960-05-01,3.29,0.018575851393188847
1960-06-01,2.46,-0.2522796352583587
1960-07-01,2.3,-0.06504065040650409
1960-08-01,2.3,0.0
1960-09-01,2.48,0.07826086956521738
1960-10-01,2.3,-0.07258064516129037
1960-11-01,2.37,0.0304347826086957
1960-12-01,2.25,-0.05063291139240511
1961-01-01,2.24,-0.004444444444444362
1961-02-01,2.42,0.0803571428571428
1961-03-01,2.39,-0.012396694214875992
1961-04-01,2.29,-0.04184100418410042
1961-05-01,2.29,0.0
1961-06-01,2.33,0.017467248908296984
1961-07-01,2.24,-0.03862660944205998
1961-08-01,2.39,0.06696428571428559
1961-09-01,2.28,-0.046025104602510636
1961-10-01,2.3,0.00877192982456143
1961-11-01,2.48,0.07826086956521738
1961-12-01,2.6,0.048387096774193505
1962-01-01,2.72,0.04615384615384621
1962-02-01,2.73,0.003676470588235281
1962-03-01,2.72,-0.003663003663003539
1962-04-01,2.73,0.003676470588235281
1962-05-01,2.69,-0.014652014652014711
1962-06-01,2.73,0.014869888475836479
1962-07-01,2.92,0.06959706959706957
1962-08-01,2.82,-0.03424657534246578
1962-09-01,2.78,-0.014184397163120588
1962-10-01,2.74,-0.014388489208632893
1962-11-01,2.83,0.03284671532846706
1962-12-01,2.87,0.014134275618374659
1963-01-01,2.91,0.013937282229965264
1963-02-01,2.92,0.0034364261168384758
1963-03-01,2.89,-0.010273972602739656
1963-04-01,2.9,0.0034602076124565784
1963-05-01,2.93,0.010344827586207028
1963-06-01,2.99,0.020477815699658786
1963-07-01,3.18,0.0635451505016722
1963-08-01,3.32,0.04402515723270439
1963-09-01,3.38,0.01807228915662651
1963-10-01,3.45,0.020710059171597628
1963-11-01,3.52,0.020289855072463725
1963-12-01,3.52,0.0
1964-01-01,3.52,0.0
1964-02-01,3.53,0.0028409090909089496
1964-03-01,3.54,0.0028328611898018607
1964-04-01,3.47,-0.019774011299435013
1964-05-01,3.48,0.0028818443804032867
1964-06-01,3.48,0.0
1964-07-01,3.46,-0.005747126436781658
1964-08-01,3.5,0.011560693641618602
1964-09-01,3.53,0.008571428571428452
1964-10-01,3.57,0.011331444759206777
1964-11-01,3.64,0.019607843137255054
1964-12-01,3.84,0.05494505494505497
1965-01-01,3.81,-0.0078125
1965-02-01,3.93,0.03149606299212593
1965-03-01,3.93,0.0
1965-04-01,3.93,0.0
1965-05-01,3.89,-0.010178117048346036
1965-06-01,3.8,-0.02313624678663251
1965-07-01,3.84,0.010526315789473717
1965-08-01,3.84,0.0
1965-09-01,3.92,0.02083333333333326
1965-10-01,4.03,0.028061224489795977
1965-11-01,4.09,0.014888337468982549
1965-12-01,4.38,0.07090464547677255
1966-01-01,4.59,0.047945205479452024
1966-02-01,4.65,0.013071895424836777
1966-03-01,4.59,-0.012903225806451757
1966-04-01,4.62,0.006535947712418277
1966-05-01,4.64,0.0043290043290042934
1966-06-01,4.5,-0.030172413793103425
1966-07-01,4.8,0.06666666666666665
1966-08-01,4.96,0.03333333333333344
1966-09-01,5.37,0.08266129032258074
1966-10-01,5.35,-0.003724394785847407
1966-11-01,5.32,-0.005607476635513864
1966-12-01,4.96,-0.06766917293233088
1967-01-01,4.72,-0.048387096774193616
1967-02-01,4.56,-0.03389830508474578
1967-03-01,4.26,-0.06578947368421051
1967-04-01,3.84,-0.09859154929577463
1967-05-01,3.6,-0.06249999999999989
1967-06-01,3.54,-0.01666666666666672
1967-07-01,4.21,0.18926553672316393
1967-08-01,4.27,0.014251781472683911
1967-09-01,4.42,0.03512880562060894
1967-10-01,4.56,0.03167420814479627
1967-11-01,4.73,0.037280701754386136
1967-12-01,4.97,0.05073995771670181
1968-01-01,5.0,0.006036217303823088
1968-02-01,4.98,-0.0039999999999998925
1968-03-01,5.17,0.03815261044176688
1968-04-01,5.38,0.04061895551257244
1968-05-01,5.66,0.052044609665427455
1968-06-01,5.52,-0.024734982332155542
1968-07-01,5.31,-0.03804347826086951
1968-08-01,5.09,-0.04143126177024481
1968-09-01,5.19,0.01964636542239706
1968-10-01,5.35,0.030828516377649162
1968-11-01,5.45,0.01869158878504673
1968-12-01,5.96,0.09357798165137621
1969-01-01,6.14,0.030201342281879207
1969-02-01,6.12,-0.0032573289902279035
1969-03-01,6.02,-0.016339869281045805
1969-04-01,6.11,0.014950166112956964
1969-05-01,6.04,-0.011456628477905073
1969-06-01,6.44,0.06622516556291402
1969-07-01,7.0,0.08695652173913038
1969-08-01,6.98,-0.0028571428571427804
1969-09-01,7.09,0.015759312320916763
1969-10-01,7.0,-0.012693935119887145
1969-11-01,7.24,0.03428571428571425
1969-12-01,7.82,0.08011049723756902
1970-01-01,7.87,0.006393861892583175
1970-02-01,7.13,-0.09402795425667088
1970-03-01,6.63,-0.07012622720897621
1970-04-01,6.51,-0.018099547511312264
1970-05-01,6.84,0.05069124423963145
1970-06-01,6.68,-0.023391812865497075
1970-07-01,6.45,-0.034431137724550864
1970-08-01,6.41,-0.006201550387596955
1970-09-01,6.12,-0.04524180967238689
1970-10-01,5.91,-0.03431372549019607
1970-11-01,5.28,-0.10659898477157359
1970-12-01,4.87,-0.07765151515151514
1971-01-01,4.44,-0.08829568788501019
1971-02-01,3.7,-0.16666666666666674
1971-03-01,3.38,-0.0864864864864866
1971-04-01,3.86,0.1420118343195267
1971-05-01,4.14,0.07253886010362698
1971-06-01,4.75,0.1473429951690821
1971-07-01,5.4,0.13684210526315788
1971-08-01,4.94,-0.08518518518518514
1971-09-01,4.69,-0.05060728744939269
1971-10-01,4.46,-0.04904051172707902
1971-11-01,4.22,-0.053811659192825156
1971-12-01,4.01,-0.049763033175355464
1972-01-01,3.38,-0.15710723192019949
1972-02-01,3.2,-0.053254437869822424
1972-03-01,3.73,0.1656249999999999
1972-04-01,3.71,-0.00536193029490617
1972-05-01,3.69,-0.005390835579514808
1972-06-01,3.91,0.05962059620596216
1972-07-01,3.98,0.01790281329923271
1972-08-01,4.02,0.010050251256281229
1972-09-01,4.66,0.15920398009950265
1972-10-01,4.74,0.017167381974249052
1972-11-01,4.78,0.00843881856540074
1972-12-01,5.07,0.060669456066945626
1973-01-01,5.41,0.0670611439842208
1973-02-01,5.6,0.03512014787430684
1973-03-01,6.09,0.08750000000000013
1973-04-01,6.26,0.02791461412151075
1973-05-01,6.36,0.015974440894568787
1973-06-01,7.19,0.13050314465408808
1973-07-01,8.01,0.11404728789986085
1973-08-01,8.67,0.08239700374531833
1973-09-01,8.29,-0.04382929642445221
1973-10-01,7.22,-0.12907117008443902
1973-11-01,7.83,0.08448753462603875
1973-12-01,7.45,-0.048531289910600295
1974-01-01,7.77,0.04295302013422808
1974-02-01,7.12,-0.08365508365508356
1974-03-01,7.96,0.1179775280898876
1974-04-01,8.33,0.04648241206030157
1974-05-01,8.23,-0.012004801920768249
1974-06-01,7.9,-0.04009720534629402
1974-07-01,7.55,-0.044303797468354444
1974-08-01,8.96,0.18675496688741733
1974-09-01,8.06,-0.1004464285714286
1974-10-01,7.46,-0.07444168734491319
1974-11-01,7.47,0.0013404825737264314
1974-12-01,7.15,-0.042838018741633066
1975-01-01,6.26,-0.12447552447552457
1975-02-01,5.5,-0.12140575079872207
1975-03-01,5.49,-0.0018181818181818299
1975-04-01,5.61,0.021857923497267784
1975-05-01,5.23,-0.06773618538324422
1975-06-01,5.34,0.021032504780114536
1975-07-01,6.13,0.14794007490636707
1975-08-01,6.44,0.05057096247960846
1975-09-01,6.42,-0.0031055900621118626
1975-10-01,5.96,-0.07165109034267914
1975-11-01,5.48,-0.08053691275167774
1975-12-01,5.44,-0.007299270072992692
1976-01-01,4.87,-0.10477941176470595
1976-02-01,4.88,0.002053388090349051
1976-03-01,5.0,0.024590163934426146
1976-04-01,4.86,-0.027999999999999914
1976-05-01,5.2,0.06995884773662553
1976-06-01,5.41,0.04038461538461546
1976-07-01,5.23,-0.03327171903881698
1976-08-01,5.14,-0.017208413001912226
1976-09-01,5.08,-0.011673151750972721
1976-10-01,4.92,-0.03149606299212604
1976-11-01,4.75,-0.03455284552845528
1976-12-01,4.35,-0.08421052631578951
1977-01-01,4.62,0.0620689655172415
1977-02-01,4.67,0.010822510822510845
1977-03-01,4.6,-0.014989293361884481
1977-04-01,4.54,-0.01304347826086949
1977-05-01,4.96,0.09251101321585908
1977-06-01,5.02,0.012096774193548265
1977-07-01,5.19,0.033864541832669515
1977-08-01,5.49,0.057803468208092346
1977-09-01,5.81,0.05828779599271394
1977-10-01,6.16,0.06024096385542177
1977-11-01,6.1,-0.009740259740259827
1977-12-01,6.07,-0.004918032786885185
1978-01-01,6.44,0.060955518945634335
1978-02-01,6.45,0.0015527950310558758
1978-03-01,6.29,-0.024806201550387597
1978-04-01,6.29,0.0
1978-05-01,6.41,0.019077901430842648
1978-06-01,6.73,0.0499219968798752
1978-07-01,7.01,0.04160475482912318
1978-08-01,7.08,0.009985734664764712
1978-09-01,7.85,0.10875706214689251
1978-10-01,7.99,0.017834394904458595
1978-11-01,8.64,0.081351689612015
1978-12-01,9.08,0.05092592592592582
1979-01-01,9.35,0.029735682819383102
1979-02-01,9.32,-0.0032085561497325887
1979-03-01,9.48,0.017167381974249052
1979-04-01,9.46,-0.002109704641350185
1979-05-01,9.61,0.01585623678646919
1979-06-01,9.06,-0.05723204994797071
1979-07-01,9.24,0.01986754966887405
1979-08-01,9.52,0.030303030303030276
1979-09-01,10.26,0.07773109243697474
1979-10-01,11.7,0.14035087719298245
1979-11-01,11.79,0.007692307692307665
1979-12-01,12.04,0.02120441051738764
1980-01-01,12.0,-0.0033222591362125353
1980-02-01,12.86,0.07166666666666655
1980-03-01,15.2,0.1819595645412131
1980-04-01,13.2,-0.13157894736842102
1980-05-01,8.58,-0.35
1980-06-01,7.07,-0.17599067599067597
1980-07-01,8.06,0.1400282885431401
1980-08-01,9.13,0.13275434243176187
1980-09-01,10.27,0.12486308871851026
1980-10-01,11.62,0.13145082765335925
1980-11-01,13.73,0.18158347676419972
1980-12-01,15.49,0.12818645302257825
1981-01-01,15.02,-0.030342156229825723
1981-02-01,14.79,-0.015312916111850927
1981-03-01,13.36,-0.09668695064232591
1981-04-01,13.69,0.02470059880239517
1981-05-01,16.3,0.1906501095690285
1981-06-01,14.73,-0.09631901840490797
1981-07-01,14.95,0.014935505770536261
1981-08-01,15.51,0.03745819397993322
1981-09-01,14.7,-0.0522243713733076
1981-10-01,13.54,-0.07891156462585036
1981-11-01,10.86,-0.19793205317577545
1981-12-01,10.85,-0.0009208103130754486
1982-01-01,12.28,0.13179723502304141
1982-02-01,13.48,0.09771986970684043
1982-03-01,12.68,-0.05934718100890213
1982-04-01,12.7,0.001577287066246047
1982-05-01,12.09,-0.04803149606299206
1982-06-01,12.47,0.03143093465674118
1982-07-01,11.35,-0.08981555733761037
1982-08-01,8.68,-0.23524229074889869
1982-09-01,7.92,-0.0875576036866359
1982-10-01,7.71,-0.02651515151515149
1982-11-01,8.07,0.04669260700389111
1982-12-01,7.94,-0.01610904584882278
1983-01-01,7.86,-0.010075566750629705
1983-02-01,8.11,0.03180661577608124
1983-03-01,8.35,0.0295930949445129
1983-04-01,8.21,-0.01676646706586815
1983-05-01,8.19,-0.0024360535931792215
1983-06-01,8.79,0.07326007326007322
1983-07-01,9.08,0.03299203640500581
1983-08-01,9.34,0.028634361233480066
1983-09-01,9.0,-0.03640256959314769
1983-10-01,8.64,-0.039999999999999925
1983-11-01,8.76,0.01388888888888884
1983-12-01,9.0,0.027397260273972712
1984-01-01,8.9,-0.011111111111111072
1984-02-01,9.09,0.02134831460674147
1984-03-01,9.52,0.047304730473047174
1984-04-01,9.69,0.017857142857142794
1984-05-01,9.83,0.014447884416924683
1984-06-01,9.87,0.004069175991861629
1984-07-01,10.12,0.025329280648429542
1984-08-01,10.47,0.034584980237154284
1984-09-01,10.37,-0.009551098376313405
1984-10-01,9.74,-0.06075216972034703
1984-11-01,8.61,-0.11601642710472282
1984-12-01,8.06,-0.06387921022067355
1985-01-01,7.76,-0.037220843672456705
1985-02-01,8.27,0.06572164948453607
1985-03-01,8.52,0.030229746070133068
1985-04-01,7.95,-0.06690140845070414
1985-05-01,7.48,-0.0591194968553459
1985-06-01,6.95,-0.0708556149732621
1985-07-01,7.08,0.018705035971223083
1985-08-01,7.14,0.008474576271186418
1985-09-01,7.1,-0.0056022408963585235
1985-10-01,7.16,0.008450704225352101
1985-11-01,7.24,0.011173184357541999
1985-12-01,7.1,-0.019337016574585753
1986-01-01,7.07,-0.00422535211267594
1986-02-01,7.06,-0.0014144271570014633
1986-03-01,6.56,-0.07082152974504252
1986-04-01,6.06,-0.07621951219512191
1986-05-01,6.15,0.014851485148514865
1986-06-01,6.21,0.009756097560975618
1986-07-01,5.83,-0.06119162640901765
1986-08-01,5.53,-0.05145797598627788
1986-09-01,5.21,-0.05786618444846303
1986-10-01,5.18,-0.0057581573896353655
1986-11-01,5.35,0.032818532818532864
1986-12-01,5.53,0.033644859813084294
1987-01-01,5.43,-0.018083182640144746
1987-02-01,5.59,0.02946593001841613
1987-03-01,5.59,0.0
1987-04-01,5.64,0.008944543828264706
1987-05-01,5.66,0.0035460992907803135
1987-06-01,5.67,0.0017667844522968323
1987-07-01,5.69,0.003527336860670305
1987-08-01,6.04,0.06151142355008776
1987-09-01,6.4,0.0596026490066226
1987-10-01,6.13,-0.042187500000000044
1987-11-01,5.69,-0.07177814029363772
1987-12-01,5.77,0.014059753954305698
1988-01-01,5.81,0.006932409012131657
1988-02-01,5.66,-0.025817555938037806
1988-03-01,5.7,0.007067137809187329
1988-04-01,5.91,0.03684210526315779
1988-05-01,6.26,0.05922165820642977
1988-06-01,6.46,0.03194888178913735
1988-07-01,6.73,0.04179566563467496
1988-08-01,7.06,0.04903417533432375
1988-09-01,7.24,0.025495750708215414
1988-10-01,7.35,0.015193370165745845
1988-11-01,7.76,0.05578231292517
1988-12-01,8.07,0.0399484536082475
1989-01-01,8.27,0.024783147459727317
1989-02-01,8.53,0.03143893591293834
1989-03-01,8.82,0.03399765533411503
1989-04-01,8.65,-0.019274376417233507
1989-05-01,8.43,-0.025433526011560792
1989-06-01,8.15,-0.033214709371292894
1989-07-01,7.88,-0.03312883435582825
1989-08-01,7.9,0.002538071065989911
1989-09-01,7.75,-0.01898734177215189
1989-10-01,7.64,-0.014193548387096855
1989-11-01,7.69,0.00654450261780104
1989-12-01,7.63,-0.007802340702210753
1990-01-01,7.64,0.001310615989515096
1990-02-01,7.74,0.01308900523560208
1990-03-01,7.9,0.02067183462532296
1990-04-01,7.77,-0.016455696202531733
1990-05-01,7.74,-0.0038610038610037423
1990-06-01,7.73,-0.0012919896640826156
1990-07-01,7.62,-0.014230271668822847
1990-08-01,7.45,-0.022309711286089273
1990-09-01,7.36,-0.012080536912751683
1990-10-01,7.17,-0.025815217391304435
1990-11-01,7.06,-0.015341701534170249
1990-12-01,6.74,-0.04532577903682711
1991-01-01,6.22,-0.07715133531157281
1991-02-01,5.94,-0.04501607717041789
1991-03-01,5.91,-0.005050505050505083
1991-04-01,5.65,-0.04399323181049064
1991-05-01,5.46,-0.03362831858407089
1991-06-01,5.57,0.020146520146520297
1991-07-01,5.58,0.0017953321364452268
1991-08-01,5.33,-0.04480286738351258
1991-09-01,5.22,-0.0206378986866792
1991-10-01,4.99,-0.044061302681992265
1991-11-01,4.56,-0.08617234468937884
1991-12-01,4.07,-0.10745614035087703
1992-01-01,3.8,-0.0663390663390665
1992-02-01,3.84,0.010526315789473717
1992-03-01,4.04,0.05208333333333348
1992-04-01,3.75,-0.07178217821782173
1992-05-01,3.63,-0.03200000000000003
1992-06-01,3.66,0.008264462809917328
1992-07-01,3.21,-0.12295081967213117
1992-08-01,3.13,-0.024922118380062308
1992-09-01,2.91,-0.07028753993610215
1992-10-01,2.86,-0.01718213058419249
1992-11-01,3.13,0.09440559440559437
1992-12-01,3.22,0.028753993610223683
1993-01-01,3.0,-0.06832298136645965
1993-02-01,2.93,-0.023333333333333317
1993-03-01,2.95,0.006825938566553003
1993-04-01,2.87,-0.027118644067796627
1993-05-01,2.96,0.03135888501742157
1993-06-01,3.07,0.03716216216216206
1993-07-01,3.04,-0.009771986970683932
1993-08-01,3.02,-0.006578947368421018
1993-09-01,2.95,-0.023178807947019764
1993-10-01,3.02,0.023728813559321882
1993-11-01,3.1,0.026490066225165476
1993-12-01,3.06,-0.012903225806451646
1994-01-01,2.98,-0.02614379084967322
1994-02-01,3.25,0.09060402684563762
1994-03-01,3.5,0.07692307692307687
1994-04-01,3.68,0.05142857142857138
1994-05-01,4.14,0.12499999999999978
1994-06-01,4.14,0.0
1994-07-01,4.33,0.04589371980676349
1994-08-01,4.48,0.03464203233256358
1994-09-01,4.62,0.03125
1994-10-01,4.95,0.0714285714285714
1994-11-01,5.29,0.06868686868686869
1994-12-01,5.6,0.05860113421550084
1995-01-01,5.71,0.019642857142857295
1995-02-01,5.77,0.010507880910682887
1995-03-01,5.73,-0.006932409012131546
1995-04-01,5.65,-0.013961605584642212
1995-05-01,5.67,0.003539823008849474
1995-06-01,5.47,-0.03527336860670194
1995-07-01,5.42,-0.009140767824497242
1995-08-01,5.4,-0.0036900369003689537
1995-09-01,5.28,-0.022222222222222254
1995-10-01,5.28,0.0
1995-11-01,5.36,0.015151515151515138
1995-12-01,5.14,-0.04104477611940305
1996-01-01,5.0,-0.027237354085603016
1996-02-01,4.83,-0.03400000000000003
1996-03-01,4.96,0.0269151138716357
1996-04-01,4.95,-0.002016129032258007
1996-05-01,5.02,0.01414141414141401
1996-06-01,5.09,0.013944223107569709
1996-07-01,5.15,0.011787819253438192
1996-08-01,5.05,-0.019417475728155442
1996-09-01,5.09,0.007920792079207928
1996-10-01,4.99,-0.01964636542239684
1996-11-01,5.03,0.008016032064128265
1996-12-01,4.91,-0.02385685884691846
1997-01-01,5.03,0.024439918533604832
1997-02-01,5.01,-0.003976143141153132
1997-03-01,5.14,0.02594810379241519
1997-04-01,5.16,0.0038910505836575737
1997-05-01,5.05,-0.02131782945736438
1997-06-01,4.93,-0.023762376237623783
1997-07-01,5.05,0.024340770791074995
1997-08-01,5.14,0.017821782178217838
1997-09-01,4.95,-0.03696498054474695
1997-10-01,4.97,0.004040404040403844
1997-11-01,5.14,0.03420523138832987
1997-12-01,5.16,0.0038910505836575737
1998-01-01,5.04,-0.023255813953488413
1998-02-01,5.09,0.009920634920634885
1998-03-01,5.03,-0.011787819253438081
1998-04-01,4.95,-0.015904572564612307
1998-05-01,5.0,0.010101010101010166
1998-06-01,4.98,-0.0039999999999998925
1998-07-01,4.96,-0.004016064257028162
1998-08-01,4.9,-0.012096774193548265
1998-09-01,4.61,-0.0591836734693878
1998-10-01,3.96,-0.14099783080260309
1998-11-01,4.41,0.11363636363636376
1998-12-01,4.39,-0.0045351473922903285
1999-01-01,4.34,-0.011389521640091105
1999-02-01,4.44,0.023041474654378113
1999-03-01,4.44,0.0
1999-04-01,4.29,-0.03378378378378388
1999-05-01,4.5,0.04895104895104896
1999-06-01,4.57,0.015555555555555545
1999-07-01,4.55,-0.004376367614879806
1999-08-01,4.72,0.03736263736263745
1999-09-01,4.68,-0.008474576271186418
1999-10-01,4.86,0.03846153846153855
1999-11-01,5.07,0.043209876543209846
1999-12-01,5.2,0.02564102564102555
2000-01-01,5.32,0.023076923076922995
2000-02-01,5.55,0.043233082706766846
2000-03-01,5.69,0.02522522522522541
2000-04-01,5.66,-0.005272407732864748
2000-05-01,5.79,0.0229681978798586
2000-06-01,5.69,-0.017271157167530138
2000-07-01,5.96,0.047451669595782064
2000-08-01,6.09,0.021812080536912637
2000-09-01,6.0,-0.014778325123152691
2000-10-01,6.11,0.018333333333333313
2000-11-01,6.17,0.009819967266775809
2000-12-01,5.77,-0.06482982171799034
2001-01-01,5.15,-0.10745233968804146
2001-02-01,4.88,-0.05242718446601946
2001-03-01,4.42,-0.09426229508196726
2001-04-01,3.87,-0.1244343891402715
2001-05-01,3.62,-0.06459948320413433
2001-06-01,3.49,-0.035911602209944715
2001-07-01,3.51,0.005730659025787732
2001-08-01,3.36,-0.042735042735042694
2001-09-01,2.64,-0.2142857142857142
2001-10-01,2.16,-0.18181818181818177
2001-11-01,1.87,-0.1342592592592593
2001-12-01,1.69,-0.09625668449197866
2002-01-01,1.65,-0.023668639053254448
2002-02-01,1.72,0.042424242424242475
2002-03-01,1.79,0.04069767441860472
2002-04-01,1.71,-0.04469273743016766
2002-05-01,1.73,0.011695906432748648
2002-06-01,1.7,-0.017341040462427793
2002-07-01,1.68,-0.0117647058823529
2002-08-01,1.62,-0.03571428571428559
2002-09-01,1.63,0.006172839506172645
2002-10-01,1.58,-0.030674846625766805
2002-11-01,1.23,-0.22151898734177222
2002-12-01,1.19,-0.0325203252032521
2003-01-01,1.17,-0.01680672268907568
2003-02-01,1.17,0.0
2003-03-01,1.13,-0.03418803418803418
2003-04-01,1.13,0.0
2003-05-01,1.07,-0.05309734513274322
2003-06-01,0.92,-0.14018691588785048
2003-07-01,0.9,-0.021739130434782594
2003-08-01,0.95,0.05555555555555558
2003-09-01,0.94,-0.010526315789473717
2003-10-01,0.92,-0.02127659574468077
2003-11-01,0.93,0.010869565217391353
2003-12-01,0.9,-0.032258064516129115
2004-01-01,0.88,-0.022222222222222254
2004-02-01,0.93,0.05681818181818188
2004-03-01,0.94,0.010752688172043001
2004-04-01,0.94,0.0
2004-05-01,1.02,0.08510638297872353
2004-06-01,1.27,0.2450980392156863
2004-07-01,1.33,0.047244094488189115
2004-08-01,1.48,0.11278195488721798
2004-09-01,1.65,0.11486486486486491
2004-10-01,1.76,0.06666666666666665
2004-11-01,2.07,0.17613636363636354
2004-12-01,2.19,0.05797101449275366
2005-01-01,2.33,0.06392694063926951
2005-02-01,2.54,0.09012875536480691
2005-03-01,2.74,0.07874015748031504
2005-04-01,2.78,0.014598540145985162
2005-05-01,2.84,0.021582733812949728
2005-06-01,2.97,0.045774647887323994
2005-07-01,3.22,0.08417508417508412
2005-08-01,3.44,0.06832298136645965
2005-09-01,3.42,-0.005813953488372103
2005-10-01,3.71,0.08479532163742687
2005-11-01,3.88,0.04582210242587603
2005-12-01,3.89,0.002577319587628857
2006-01-01,4.24,0.08997429305912608
2006-02-01,4.43,0.04481132075471694
2006-03-01,4.51,0.018058690744920947
2006-04-01,4.6,0.019955654101995624
2006-05-01,4.72,0.026086956521739202
2006-06-01,4.79,0.014830508474576343
2006-07-01,4.95,0.03340292275574108
2006-08-01,4.96,0.002020202020202033
2006-09-01,4.81,-0.030241935483870996
2006-10-01,4.92,0.022869022869022926
2006-11-01,4.94,0.004065040650406582
2006-12-01,4.85,-0.018218623481781493
2007-01-01,4.98,0.026804123711340333
2007-02-01,5.03,0.010040160642570184
2007-03-01,4.94,-0.017892644135188873
2007-04-01,4.87,-0.014170040485830038
2007-05-01,4.73,-0.028747433264887046
2007-06-01,4.61,-0.025369978858351017
2007-07-01,4.82,0.045553145336225676
2007-08-01,4.2,-0.12863070539419086
2007-09-01,3.89,-0.07380952380952377
2007-10-01,3.9,0.0025706940874035134
2007-11-01,3.27,-0.16153846153846152
2007-12-01,3.0,-0.0825688073394496
2008-01-01,2.75,-0.08333333333333337
2008-02-01,2.12,-0.229090909090909
2008-03-01,1.26,-0.4056603773584906
2008-04-01,1.29,0.023809523809523725
2008-05-01,1.73,0.3410852713178294
2008-06-01,1.86,0.07514450867052025
2008-07-01,1.63,-0.12365591397849474
2008-08-01,1.72,0.05521472392638049
2008-09-01,1.13,-0.34302325581395354
2008-10-01,0.67,-0.40707964601769897
2008-11-01,0.19,-0.7164179104477613
2008-12-01,0.03,-0.8421052631578947
2009-01-01,0.13,3.333333333333334
2009-02-01,0.3,1.3076923076923075
2009-03-01,0.21,-0.30000000000000004
2009-04-01,0.16,-0.23809523809523803
2009-05-01,0.18,0.125
2009-06-01,0.18,0.0
2009-07-01,0.18,0.0
2009-08-01,0.17,-0.05555555555555547
2009-09-01,0.12,-0.2941176470588236
2009-10-01,0.07,-0.41666666666666663
2009-11-01,0.05,-0.2857142857142857
2009-12-01,0.05,0.0
2010-01-01,0.06,0.19999999999999996
2010-02-01,0.11,0.8333333333333335
2010-03-01,0.15,0.36363636363636354
2010-04-01,0.16,0.06666666666666665
2010-05-01,0.16,0.0
2010-06-01,0.12,-0.25
2010-07-01,0.16,0.3333333333333335
2010-08-01,0.16,0.0
2010-09-01,0.15,-0.0625
2010-10-01,0.13,-0.1333333333333333
2010-11-01,0.14,0.0769230769230771
2010-12-01,0.14,0.0
2011-01-01,0.15,0.0714285714285714
2011-02-01,0.13,-0.1333333333333333
2011-03-01,0.1,-0.23076923076923073
2011-04-01,0.06,-0.4
2011-05-01,0.04,-0.33333333333333326
2011-06-01,0.04,0.0
2011-07-01,0.04,0.0
2011-08-01,0.02,-0.5
2011-09-01,0.01,-0.5
2011-10-01,0.02,1.0
2011-11-01,0.01,-0.5
2011-12-01,0.01,0.0
2012-01-01,0.03,2.0
2012-02-01,0.09,2.0
2012-03-01,0.08,-0.11111111111111105
2012-04-01,0.08,0.0
2012-05-01,0.09,0.125
2012-06-01,0.09,0.0
2012-07-01,0.1,0.11111111111111116
2012-08-01,0.1,0.0
2012-09-01,0.11,0.09999999999999987
2012-10-01,0.1,-0.09090909090909083
2012-11-01,0.09,-0.10000000000000009
2012-12-01,0.07,-0.2222222222222221
2013-01-01,0.07,0.0
2013-02-01,0.1,0.4285714285714286
2013-03-01,0.09,-0.10000000000000009
2013-04-01,0.06,-0.33333333333333337
2013-05-01,0.04,-0.33333333333333326
2013-06-01,0.05,0.25
2013-07-01,0.04,-0.20000000000000007
2013-08-01,0.04,0.0
2013-09-01,0.02,-0.5
2013-10-01,0.05,1.5
2013-11-01,0.07,0.40000000000000013
2013-12-01,0.07,0.0
2014-01-01,0.04,-0.4285714285714286
2014-02-01,0.05,0.25
2014-03-01,0.05,0.0
2014-04-01,0.03,-0.4
2014-05-01,0.03,0.0
2014-06-01,0.04,0.3333333333333335
2014-07-01,0.03,-0.25
2014-08-01,0.03,0.0
2014-09-01,0.02,-0.33333333333333326
2014-10-01,0.02,0.0
2014-11-01,0.02,0.0
2014-12-01,0.03,0.5
2015-01-01,0.03,0.0
2015-02-01,0.02,-0.33333333333333326
2015-03-01,0.03,0.5
2015-04-01,0.02,-0.33333333333333326
2015-05-01,0.02,0.0
2015-06-01,0.02,0.0
2015-07-01,0.03,0.5
2015-08-01,0.07,1.3333333333333335
2015-09-01,0.02,-0.7142857142857143
2015-10-01,0.02,0.0
2015-11-01,0.12,5.0
2015-12-01,0.23,0.9166666666666667
2016-01-01,0.26,0.13043478260869557
2016-02-01,0.31,0.1923076923076923
2016-03-01,0.29,-0.06451612903225812
2016-04-01,0.23,-0.2068965517241378
2016-05-01,0.27,0.17391304347826098
2016-06-01,0.27,0.0
2016-07-01,0.3,0.11111111111111094
2016-08-01,0.3,0.0
2016-09-01,0.29,-0.033333333333333326
2016-10-01,0.33,0.13793103448275867
2016-11-01,0.45,0.36363636363636354
2016-12-01,0.51,0.1333333333333333
2017-01-01,0.51,0.0
2017-02-01,0.52,0.019607843137254832
2017-03-01,0.74,0.4230769230769229
2017-04-01,0.8,0.08108108108108114
2017-05-01,0.89,0.11250000000000004
2017-06-01,0.98,0.101123595505618
2017-07-01,1.07,0.09183673469387754
2017-08-01,1.01,-0.05607476635514019
2017-09-01,1.03,0.01980198019801982
2017-10-01,1.07,0.03883495145631066
2017-11-01,1.23,0.14953271028037385
2017-12-01,1.32,0.07317073170731714
2018-01-01,1.41,0.06818181818181812
2018-02-01,1.57,0.1134751773049647
2018-03-01,1.7,0.08280254777070062
2018-04-01,1.76,0.03529411764705892
2018-05-01,1.86,0.05681818181818188
2018-06-01,1.9,0.021505376344086002
2018-07-01,1.96,0.03157894736842115
2018-08-01,2.03,0.03571428571428559
2018-09-01,2.13,0.049261083743842304
2018-10-01,2.25,0.05633802816901423
2018-11-01,2.33,0.03555555555555556
2018-12-01,2.37,0.017167381974249052
2019-01-01,2.37,0.0
2019-02-01,2.39,0.00843881856540074
2019-03-01,2.4,0.004184100418409997
2019-04-01,2.38,-0.008333333333333304
2019-05-01,2.35,-0.012605042016806678
2019-06-01,2.17,-0.07659574468085117
2019-07-01,2.1,-0.032258064516129004
2019-08-01,1.95,-0.07142857142857151
2019-09-01,1.89,-0.03076923076923077
2019-10-01,1.65,-0.12698412698412698
2019-11-01,1.54,-0.06666666666666654
2019-12-01,1.54,0.0
2020-01-01,1.52,-0.012987012987012991
2020-02-01,1.52,0.0
2020-03-01,0.29,-0.8092105263157895
2020-04-01,0.14,-0.5172413793103448
2020-05-01,0.13,-0.07142857142857151
2020-06-01,0.16,0.23076923076923084
2020-07-01,0.13,-0.1875
2020-08-01,0.1,-0.23076923076923073
2020-09-01,0.11,0.09999999999999987
2020-10-01,0.1,-0.09090909090909083
2020-11-01,0.09,-0.10000000000000009
2020-12-01,0.09,0.0
2021-01-01,0.08,-0.11111111111111105
2021-02-01,0.04,-0.5
2021-03-01,0.03,-0.25
2021-04-01,0.02,-0.33333333333333326
2021-05-01,0.02,0.0
2021-06-01,0.04,1.0
2021-07-01,0.05,0.25
2021-08-01,0.05,0.0
2021-09-01,0.04,-0.20000000000000007
2021-10-01,0.05,0.25
2021-11-01,0.05,0.0
2021-12-01,0.06,0.19999999999999996
2022-01-01,0.15,1.5
2022-02-01,0.33,1.2000000000000002
2022-03-01,0.44,0.33333333333333326
2022-04-01,0.76,0.7272727272727273
2022-05-01,0.98,0.2894736842105263
2022-06-01,1.49,0.5204081632653061
2022-07-01,2.23,0.49664429530201337
2022-08-01,2.63,0.1793721973094169
2022-09-01,3.13,0.1901140684410647
